<?xml version="1.0" encoding="UTF-8"?>
<project version="1.0">
  <name>HTML5 / CSS3</name>
  <summary>
  <![CDATA[
    Formation HTML5 / CSS3 introduction
  ]]>
  </summary>
  <date>2013</date>
  <logo>cdn/expo/favicon.png</logo>

  <tag>Internet</tag>
  <tag>WEB</tag>
  <tag>HTML5</tag>
  <tag>CSS3</tag>

  <author>
    <name>Gabriel BONDAZ</name>
    <email>gabriel.bondaz@idci-consulting.fr</email>
    <website>http://www.idci-consulting.fr</website>
    <social_link uri="http://twitter.com/idciconsulting" />
    <social_link uri="https://github.com/IDCI-Consulting" />
  </author>

  <target>
    <name>ICAP Lyon1</name>
    <website>http://icap.univ-lyon1.fr/</website>
  </target>

  <page>
    <title>HTML5/CSS3</title>
    <description></description>
    <content>
      <![CDATA[
        <h1>HTML5 / CSS3</h1>
        <div class="html5"></div>
        <div class="css3"></div>
      ]]>
    </content>
  </page>

  <page>
    <title>Le language &lt; HTML &gt;</title>
    <description></description>
    <content>
      <![CDATA[
          <h3>Définition de wikipédia</h3>
          <p class="text-content">
          L’Hypertext Markup Language, généralement abrégé HTML, est le format de données conçu pour représenter les pages web.
          C’est un langage de balisage qui permet d’écrire de l’hypertexte, d’où son nom.
          HTML permet également de structurer sémantiquement et de mettre en forme le contenu des pages, d’inclure des ressources multimédias dont des images, des formulaires de saisie, et des éléments programmables tels que des applets.
          Il permet de créer des documents interopérables avec des équipements très variés de manière conforme aux exigences de l’accessibilité du web.
          Il est souvent utilisé conjointement avec des langages de programmation (JavaScript) et des formats de présentation (feuilles de style en cascade).
          HTML est initialement dérivé du Standard Generalized Markup Language (SGML).<br/><br/>
          </p>
          <p>[source: <a href="http://fr.wikipedia.org/wiki/Hypertext_Markup_Language">http://fr.wikipedia.org/wiki/Hypertext_Markup_Language</a>]</p>
      ]]>
    </content>
  </page>

  <page>
    <title>Historique</title>
    <description></description>
    <content>
      <![CDATA[
          <div class="slide">
            <label>1989-1992 : Origine</label>
            <p>Invention par Mr Tim Berners Lee, HTML a été inventé pour pouvoir écrire des documents hypertextuels liant les différentes ressources d’Internet avec des hyperliens.</p>
          </div>
          <div class="slide">
            <label>1995 : W3C</label>
            <p>Création du World Wide Web Consortium (W3C)</p>
          </div>
          <div class="slide">
            <label>1995-1996 : HTML 2.0</label>
            <p>le W3C nouvellement fondé propose le résultat de ses recherches sur HTML+</p>
          </div>
          <div class="slide">
            <label>1997 : HTML 3.2. et 4.0</label>
            <p>Version 3.2: la standardisation des tables (ajout de fonctionnalités recommandées par Netscape Navigator et d’Internet Explorer)<br/>
            Version 4.0: Introduction des trois variantes du format (strict/transitional/frameset)</p>
          </div>
          <div class="slide">
            <label>1999 : HTML 4.01</label>
            <p>Elle n’apporte que des corrections mineures à la version 4.0</p>
          </div>
          <div class="slide">
            <label>2000-2006 : XHTML</label>
            <p>Le développement de HTML en tant qu’application du Standard Generalized Markup Language (SGML) est abandonné au profit de XHTML</p>
          </div>
          <div class="slide">
            <label>2004: WHATWG</label>
            <p>Des fabricants de navigateurs web créent le Web Hypertext Application Technology Working Group (WHATWG)</p>
          </div>
          <div class="slide">
            <label>2007 à nos jours : HTML5, abandon du XHTML 2</label>
            <p>Les travaux du WHATWG ont été formellement adoptés en mai 2007 comme point de départ d’une nouvelle spécification HTML5.<br/>
            Ce document a été publié sous forme de <a href="http://www.w3.org/html/wg/drafts/html/master/Overview.html" target="_blank">Working Draft</a></p>
          </div>
          <div class="slide">
            <label>Le futur du HTML : sans numéro de version ?</label>
            <p>En janvier 2011, des divergences de points de vues entre les membres du groupe de travail du W3C conduisent le WHATWG à créer <a href="http://www.whatwg.org/specs/web-apps/current-work/" target="_blank">HTML Living Standard</a>  (<a href="http://developers.whatwg.org/" target="_blank">pour les développeurs</a>)</p>
          </div>
      ]]>
    </content>
  </page>

  <page>
    <title>Les Organismes</title>
    <description></description>
    <content>
      <![CDATA[
          <div class="w3c">
            <p>Le <a href="http://www.w3.org/" target="_blank">W3C World Wide Web Consortium</a></p>
          </div>
          <div class="whatwg">
            <p>Le <a href="http://www.whatwg.org/" target="_blank">WHATWG</a> La Mozilla Foundation, Opera Software et Apple, Inc. en sont les premiers contributeurs</p>
          </div>
      ]]>
    </content>
  </page>

  <page>
    <title>HTML vs XHTML</title>
    <description></description>
    <content>
      <![CDATA[
          <div class="middle">
            <p><a href="http://www.w3.org/html/wg/drafts/html/master/introduction.html#html-vs-xhtml" target="_blank">Draft W3C</a> En quelques mots</p>
            <p><a href="http://wiki.whatwg.org/wiki/HTML_vs._XHTML" target="_blank">Wiki WHATWG</a> En détails</p>
          </div>
      ]]>
    </content>
  </page>

  <page>
    <title>HTML5 what's new</title>
    <description></description>
    <content>
      <![CDATA[
        <ul>
          <li><a href="http://fr.wikipedia.org/wiki/HTML5" target="_blank">http://fr.wikipedia.org/wiki/HTML5</a></li>
          <li><a href="http://www.w3schools.com/html/html5_intro.asp" target="_blank">http://www.w3schools.com/html/html5_intro.asp</a></li>
          <li><a href="http://www.html5rocks.com/en/" target="_blank">http://www.html5rocks.com/en/</a></li>
          <li><a href="http://www.htmlfivewow.com/" target="_blank">http://www.htmlfivewow.com/</a></li>
          <li><a href="https://developer.mozilla.org/en-US/docs/HTML/HTML5" target="_blank">https://developer.mozilla.org/en-US/docs/HTML/HTML5</a></li>
          <li><a href="http://www.html-5.com/" target="_blank">http://www.html-5.com/</a></li>
          <li><a href="http://woorkup.com/2009/12/16/html5-visual-cheat-sheet-reloaded/" target="_blank">http://woorkup.com/2009/12/16/html5-visual-cheat-sheet-reloaded/</a></li>
          <li><a href="http://blog.nihilogic.dk/2009/02/html5-canvas-cheat-sheet.html" target="_blank">http://blog.nihilogic.dk/2009/02/html5-canvas-cheat-sheet.html</a></li>
          <li><a href="http://caniuse.com/" target="_blank">http://caniuse.com/</a></li>
          <li><a href="http://en.wikipedia.org/wiki/Comparison_of_layout_engines_(HTML5)" target="_blank">http://en.wikipedia.org/wiki/Comparison_of_layout_engines_(HTML5)</a></li>
          <li><a href="http://www.html5accessibility.com/" target="_blank">http://www.html5accessibility.com/</a></li>
          <li><a href="http://html5please.com/" target="_blank">http://html5please.com/</a></li>
          <li><a href="http://modernizr.com/">http://modernizr.com/</a></li>
          <li><a href="http://evolutionofweb.appspot.com/" target="_blank">http://evolutionofweb.appspot.com/</a></li>
        </ul>
      ]]>
    </content>
  </page>

  <page>
    <title>HTML5 Demos</title>
    <description></description>
    <content>
      <![CDATA[
        <ul>
          <li>Cette présentation</li>
          <li><a href="http://html5demos.com/" target="_blank">http://html5demos.com/</a></li>
          <li><a href="http://9elements.com/io/projects/html5/canvas/" target="_blank">http://9elements.com/io/projects/html5/canvas/</a></li>
          <li><a href="http://tutoriels-webmaster.net/cat/html5_css3" target="_blank">http://tutoriels-webmaster.net/cat/html5_css3</a></li>
          <li><a href="http://www.kevs3d.co.uk/dev/html5logo/" target="_blank">http://www.kevs3d.co.uk/dev/html5logo/</a></li>
          <li><a href="http://www.kevs3d.co.uk/dev/plasma/" target="_blank">http://www.kevs3d.co.uk/dev/plasma/</a></li>
          <li><a href="http://liris.cnrs.fr/lionel.medini/enseignement/MIF38/" target="_blank">http://liris.cnrs.fr/lionel.medini/enseignement/MIF38/</a></li>
          <li><a href="http://daftpunk.themaninblue.com/" target="_blank">http://daftpunk.themaninblue.com/</a></li>
          <li><a href="http://www.dreamincoloronline.com/12-incredible-html5-experiments/" target="_blank">http://www.dreamincoloronline.com/12-incredible-html5-experiments/</a></li>
        </ul>
      ]]>
    </content>
  </page>

  <page>
    <title>CSS3 what's new</title>
    <description></description>
    <content>
      <![CDATA[
        <ul>
          <li><a href="http://www.w3.org/Style/CSS/current-work" target="_blank">http://www.w3.org/Style/CSS/current-work</a></li>
          <li><a href="http://www.w3schools.com/css3/default.asp" target="_blank">http://www.w3schools.com/css3/default.asp</a></li>
          <li><a href="http://tools.css3.info/selectors-test/test.html" target="_blank">http://tools.css3.info/selectors-test/test.html</a></li>
          <li><a href="http://css3please.com/" target="_blank">http://css3please.com/</a></li>
          <li><a href="http://css3generator.com/" target="_blank">http://css3generator.com/</a></li>
          <li><a href="http://www.css3.me/" target="_blank">http://www.css3.me/</a></li>
          <li><a href="http://matthewlein.com" target="_blank">http://matthewlein.com</a></li>
        </ul>
      ]]>
    </content>
  </page>

  <page>
    <title>CSS3 Demos</title>
    <description></description>
    <content>
      <![CDATA[
        <ul>
          <li><a href="http://studentwebhosting.com/tutorials/amazing-css3-box-shadow-examples/" target="_blank">http://studentwebhosting.com/tutorials/amazing-css3-box-shadow-examples/</a></li>
          <li><a href="http://www.netmagazine.com/features/20-stunning-examples-css-3d-transforms" target="_blank">http://www.netmagazine.com/features/20-stunning-examples-css-3d-transforms</a></li>
          <li><a href="http://www.1stwebdesigner.com/css/css3-text-effects-typography/" target="_blank">http://www.1stwebdesigner.com/css/css3-text-effects-typography/</a></li>
          <li><a href="http://webdesignerwall.com/trends/47-amazing-css3-animation-demos" target="_blank">http://webdesignerwall.com/trends/47-amazing-css3-animation-demos</a></li>
          <li><a href="https://developer.mozilla.org/fr/demos/tag/tech:css3" target="_blank">https://developer.mozilla.org/fr/demos/tag/tech:css3</a></li>
          <li><a href="http://slodive.com/web-development/best-css3-animation-demos-tutorials/" target="_blank">http://slodive.com/web-development/best-css3-animation-demos-tutorials/</a></li>
          <li><a href="http://cssdeck.com/" target="_blank">http://cssdeck.com/</a></li>
        </ul>
      ]]>
    </content>
  </page>

  <page>
    <title>Divers</title>
    <description></description>
    <content>
      <![CDATA[
        <ul>
          <li><a href="http://lesscss.org/" target="_blank">http://lesscss.org/</a></li>
          <li><a href="http://twitter.github.com/bootstrap/" target="_blank">http://twitter.github.com/bootstrap/</a></li>
          <li><a href="http://html5boilerplate.com/" target="_blank">http://html5boilerplate.com/</a></li>
          <li><a href="http://addyosmani.com/polyfillthehtml5gaps/slides/" target="_blank">http://addyosmani.com/polyfillthehtml5gaps/slides/</a></li>
        </ul>
      ]]>
    </content>
  </page>

  <page>
    <title>TP</title>
    <description></description>
    <content>
      <![CDATA[
        <ul>
          <li>HTML5 form (http://slides.html5rocks.com/#new-form-types)</li>
          <li>CSS3 annimation (http://www.htmlfivewow.com/slide45)</li>
          <li><a href="http://miageprojet2.unice.fr/Intranet_de_Michel_Buffa/HTML5_Tutorial" target="_blank">http://miageprojet2.unice.fr/Intranet_de_Michel_Buffa/HTML5_Tutorial</a></li>
          <li><a href="http://thecodeplayer.com/" target="_blank">http://thecodeplayer.com/</a></li>
        </ul>
      ]]>
    </content>
  </page>

  <page>
    <title>Outils de présentations</title>
    <description></description>
    <content>
      <![CDATA[
          <ul>
            <li><a href="http://imakewebthings.com/deck.js/" target="_blank">http://imakewebthings.com/deck.js/</a></li>
            <li><a href="http://www.turnjs.com/" target="_blank">http://www.turnjs.com/</a></li>
            <li><a href="http://lab.hakim.se/reveal-js/" target="_blank">http://lab.hakim.se/reveal-js/</a></li>
            <li><a href="http://bartaz.github.com/impress.js/#/bored" target="_blank">http://bartaz.github.com/impress.js/#/bored</a></li>
            <li><a href="https://github.com/IDCI-Consulting/expo-player" target="_blank">https://github.com/IDCI-Consulting/expo-player</a></li>
          </ul>
      ]]>
    </content>
  </page>

  <page>
    <title>Others</title>
    <description></description>
    <content>
      <![CDATA[
          <ul>
            <li><a href="http://thenounproject.com/" target="_blank">http://thenounproject.com/</a></li>
            <li><a href="http://bellard.org/jslinux/" target="_blank">http://bellard.org/jslinux/</a></li>
            <li><a href="http://www.greensock.com/" target="_blank">http://www.greensock.com/</a></li>
            <li><a href="http://www.initializr.com/" target="_blank">http://www.initializr.com/</a></li>
          </ul>
      ]]>
    </content>
  </page>

  <page>
    <title>Questions</title>
    <description></description>
    <content>
      <![CDATA[
        <h1>Questions</h1>
      ]]>
    </content>
  </page>

</project>
